"TOKEN";"REFTEXT"
"MRAPTT";"MRAP"
"MRAPBT";"MRAP (Mine Resistant, Ambush Protected) are armoured personnel carriers that are specifically designed to withstand ambushes, mines or improvised explosive devices."
"MRAPET";"Units travelling inside an MRAP vehicle have a greater chance of survival when their vehicle is destroyed."
"SlatTT";"Standoff Armour"
"SlatBT";"Standoff Armour takes the form of rigid metal skirts fitted in front of the main armour of a vehicle. These skirts interfere with incoming HEAT warheads reducing their effectiveness."
"SlatET";"Standoff Armour provides additional Armour to the front and sides of a vehicle when hit by a HEAT weapon. Armour Values from 1-5 gain +3 Armour, 6-10 gain +2 Armour, >10 gain +1 Armour."
"PLSBNXSZEF";"Reactive Armour"
"PHHWJUIYKW";"Reactive Armour provides additional Armour to the front and sides of a vehicle when hit by a HEAT weapon. Armour Values from 1-5 gain +5 Armour, 6-10 gain +4 Armour, 10-15 gain +3 Armour, 16-20 gain +2 Armour, >21 gain +1 Armour."
"Therm1TT";"Thermal Sights"
"Therm1BT";"Thermal Sights use the infrared radiation emitted by objects to produce images showing temperature. These allow for targets to be more easily spotted."
"Therm1ET";"Thermal Sights provide a 10% aimtime reduction and one level of optics for non recon units."
"Therm2TT";"Advanced Thermals"
"Therm2BT";"Advanced Thermals use the infrared radiation emitted by objects to produce images like standard Thermal Sights but with increased resolution. This makes target acquisition easier."
"Therm2ET";"Advanced Thermals provide a 20% aimtime reduction and one level of optics for non recon units."
"UAV2TT";"Large UAV"
"UAV2BT";"This unit is an large Unmanned Aerial Vehicle, a drone piloted from the ground by an operator and used for reconnaissance or ground attack."
"UAV2ET";"Due to their small size and slow speed, UAVs are targeted by a weapons helicopter range rather than its aircraft range and enemies targeting a UAV have a penalty to their accuracy. In addition, UAVs do not suffer from stress. Large UAVs fly at high altitudes reducing the effectiveness of ground based AA systems."
"UAVTT";"UAV"
"UAVBT";"This unit is an Unmanned Aerial Vehicle, a drone piloted from the ground by an operator and used for reconnaissance or ground attack."
"UAVET";"Due to their small size and slow speed, UAVs are targeted by a weapons helicopter range rather than its aircraft range and enemies targeting a UAV have a penalty to their accuracy. In addition, UAVs do not suffer from stress and have greater stealth than a regular aircraft."
"APSTT";"APS"
"APSBT";"Active Protection System (APS) is a countermeasure device designed to defeat anti-tank weapons from destroying a vehicle."
"APSET";"Active Protection Systems provide +2 HP and reduce the chance of being hit by anti-tank missiles."
"RADTT";"Radar Vehicle"
"APSHK";"Active Protection System"
"APSHKDT";"Active Protection System (APS) is a countermeasure device designed to defeat anti-tank weapons from destroying a vehicle. These weapons will attempt to intercept incoming enemy missiles. Faster missiles are harder to intercept than slower missiles."
"APS";"APS"

"WF4InfUS";"4TH INFANTRY DIVISION"
"WF4InfUGS";"4TH INF. DIV."
"WF4INPRE";"PREMADE 4TH INF. DIV."
"WF34InfUS";"34TH INFANTRY DIVISION"
"WF34IUSG";"34TH INF. DIV."
"WF1ARMUS";"1ST ARMORED DIVISION"
"WF1ARUSG";"1ST ARM. DIV."

"M4A1";"M4A1"
"MK14EBR";"MK 14 EBR"
"MK48SAW";"MK 48"
"SCARH";"MK 17 SCAR-H"
"MK18CQB";"MK 18 CQB"
"M110";"M110 SASS"
"M72A4";"M72A4 LAW"
"MAAWS";"M3 MAAWS"
"FGMJav";"FGM-148C JAVELIN"
"FGMJavLW";"FGM-148E JAVELIN"
"AT4CSHEDP";"AT-4 CS HEDP"
"STINGERI";"STINGER RMP BLOCK I"
"STINPROX";"STINGER PROX"
"TOW2A";"TOW 2A"
"TOW2B";"TOW 2B"
"M68E4";"M68E4"
"K6120";"M120"
"K6120PGM";"M120 PGM"
"M777";"M777"
"M777M1";"M777 M1156"
"M777Ex";"M777 Excalibur"
"AGM114K";"AGM-114K HELLFIRE II"
"AGM114P";"AGM-114P HELLFIRE II"
"AGM114L";"AGM-114L HELLFIRE"
"APKWS14";"AGR-20 APKWS"
"ATASBLO2";"ATAS BLOCK II"
"M30CLU";"M30 GMLRS"
"M31GMLRS";"M31 GMLRS"
"610mm";"610mm"
"M39ATA";"M39 ATACMS"
"M48ATA";"M48 ATACMS"
"AIM120C";"AIM-120C AMRAAM"
"AIM120D";"AIM-120D AMRAAM"
"AIM9X";"AIM-9X"
"GBU31";"GBU-31"
"GBU32";"GBU-32"
"GBU38";"GBU-38"
"GBU54";"GBU-54"
"AGM88D";"AGM-88D HARM"
"CBU103";"CBU-103"
"GPS";"GPS/Inertial"
"GPSLAS";"GPS/SACLOS"
"AGM65H";"AGM-65H Maverick"
"PAXDOARDFT";"Anti-Radiation"
"GAU22A";"GAU-22/A"
"M240B";"M240B"
"XM914";"XM914"
"M284";"M284"
"M284Ex";"M284 Excalibur"
"MIM104";"MIM-104D"
"AGM154A";"AGM-154A JSOW"
"GBU57";"GBU-57A"
"Trophy";"TROPHY"

"WFStrRif";"MOT. RIFLES"
"WFStrDMR";"MOT. RIFLES (DMR)"
"WFStrAT4";"MOT. RIFLES (AT4)"
"WFStrHMG";"MOT. GUNNERS"
"WFStrEng";"MOT. ENGINEERS"
"WFMecEng";"ENGINEERS"
"WFMNGEng";"N.G. ENGINEERS"
"WFStrEAT";"MOT. ENGINEERS (AT4)"
"WFMecEAT";"ENGINEERS (AT4)"
"WFMNGEAT";"N.G. ENGINEERS (AT4)"
"WFStrCMD";"#CMD MOT. RIFLES LDR."
"WFSNGCMD";"#CMD N.G. RIFLES LDR."
"WFStrECD";"#CMD ENGINEERS LDR."
"WFSNGECD";"#CMD N.G. ENGINEERS LDR."
"WFMecRif";"MECH. RIFLES (JAVELIN)"
"WFMecAT4";"MECH. RIFLES"
"WFMecLDR";"#CMD MECH. RIFLES LDR."
"WFMNGRif";"N.G. MECH. RIFLES (JAVELIN)"
"WFMNGAT4";"N.G. MECH. RIFLES"
"WFMNGLDR";"#CMD N.G. MECH. RIFLES LDR."
"WFRIFWEP";"N.G. WEAPONS TEAM"
"WFRIFDMR";"N.G. LIGHT RIFLES (DMR)"
"WFRIFAT4";"N.G. LIGHT RIFLES"
"WFRIFAER";"N.G. AERO RIFLES"
"WFFGMJav";"JAVELIN"
"WFRanLAW";"RANGERS"
"WFRanMMG";"RANGER GUNNERS"
"WFRanJAV";"RANGERS JAVELIN"
"WFTow2A";"TOW-2A"
"WFTow2B";"TOW-2B"
"WFTow2BN";"N.G. TOW-2B"
"WFTow2AN";"N.G. TOW-2A"
"WFSCTNGJ";"#RECO2 N.G. SCOUTS (JAVELIN)"
"WFSctJav";"#RECO2 SCOUTS (JAVELIN)"
"WFSNING1";"#RECO2 N.G. SNIPER"
"WFRSTAUS";"#RECO3 RSTA"
"WFRSTANG";"#RECO3 N.G. RSTA"
"WFMPPATR";"MP COMBAT PATROL"
"WFSTIBLO";"STINGER E"
"WFSTIBNG";"N.G. STINGER E"
"WFSTING2";"N.G. STINGER"
"WFSTIPRO";"STINGER J"
"WFAVENG2";"N.G. M998 AVENGER E"
"WFAVENGE";"M998 AVENGER E"
"WFAVENGK";"M998 AVENGER K"
"WFSTRCMD";"#CMD M1130 CV"
"WFSTRICV";"M1126 ICV"
"WFSTRAGL";"M1126 ICV Mk.19"
"WFSTRJAV";"M1126 ICV CROWS-J"
"WFSTRDRA";"M1129 ICV DRAGOON"
"WFSTRMGS";"M1128 MGS"
"WFSTRMG2";"M1128 MGS SLAT"
"WFSTRMCV";"M1129 MC"
"WFSTRMPG";"M1129 MC (PGM)"
"WFSTRTOW";"M1134 ATGM"
"WFSTRTO2";"M1253 ATVV"
"WFSTRRCV";"#RECO3 M1127 RV"
"WFSTRMSH";"M-SHORAD"
"WFSTRMSA";"M-SHORAD HELLFIRE"
"WF777HNG";"N.G. M777"
"WFL18NG1";"M119"
"WF777HE1";"M777"
"WF777PGK";"M777A2 (PGK)"
"WFAPAD16";"AH-64D LONGBOW"
"WFAPADNG";"N.G. AH-64D LONGBOW"
"WFAPADUS";"N.G. AH-64D APACHE"
"WFAPARK2";"N.G. AH-64D APACHE [RKT]"
"WFAPAEUS";"AH-64E APACHE"
"WFAPARKT";"AH-64E APACHE [RKT]"
"WFAPAATA";"AH-64E APACHE [ATAS]"
"WFAPAERE";"#RECO2 AH-64E APACHE"
"WFMRLCLU";"M270A1 MLRS [CLU]"
"WFMRLHE1";"M270A1 MLRS [HE]"
"WFHIMATA";"M142 ATACMS [CLU]"
"WFHIMAHE";"M142 ATACMS [HE]"
"WFHIMMRL";"M142 HIMARS [CLU]"
"WFHIMMNG";"N.G. M142 HIMARS [CLU]"
"WFM10NGT";"N.G. M1025 HUMVEE TOW"
"WFM10NGB";"N.G. M1025 HUMVEE TOW-2B"
"WFHUMTOW";"M1045 HUMVEE TOW-2A"
"WFHUMTO2";"M1045 HUMVEE TOW-2B"
"WFSTREAG";"F-15E STRIKE EAGLE [PGM]"
"WFF16SEA";"F-16CM [SEAD]"
"WFF16CBU";"F-16C [CLU]"
"WFF16LGB";"F-16C [PGM]"
"WFA10MAV";"A-10C [AT]"
"WFA10JDA";"A-10C [PGM]"
"WFF22RAP";"F-22A RAPTOR [AA1]"
"WFF22RA2";"F-22A RAPTOR [AA2]"
"WFF22JDA";"F-22A RAPTOR [PGM]"
"WFF35AA1";"F-35A LIGHTNING II [AA1]"
"WFF35AA2";"F-35A LIGHTNING II [AA2]"
"WFF35JDA";"F-35A LIGHTNING II [PGM1]"
"WFF35JD2";"F-35A LIGHTNING II [PGM2]"
"WFF18ECM";"EA-18G GROWLER [SEAD]"
"WFMQ1REC";"#RECO3 MQ-1C GRAY EAGLE"
"WFMQ1ATG";"#RECO3 MQ-1C GRAY EAGLE [ATGM]"
"WFRQ7UAV";"#RECO3 RQ-7B SHADOW"
"WFHMBCMD";"#CMD M1042 HUMVEE CP"
"WFHUMAPC";"M1097 HUMVEE"
"WFHUMM13";"M1114 HUMVEE"
"WFHUMSUP";"M1097 HUMVEE SUPPLY"
"WFMATHMG";"M1240A1 M-ATV PATROL"
"WFMATMPT";"M1240A1 M-ATV MP"
"WFMATAPC";"M1240A1 M-ATV"
"WFMATREC";"#RECO2 M1277 M-ATV"
"WFHUMNGA";"#RECO1 M1114 HUMVEE AGL"
"WFHUMNGH";"#RECO1 M1114 HUMVEE"
"WFHMG240";"M240B 7,7mm"
"WFHNG240";"N.G. M240B 7,7mm"
"WF81mMOR";"M252 81mm"
"WFM2BODS";"M2A2 BRADLEY ODS"
"WFM2BNGS";"N.G. M2A2 BRADLEY ODS"
"WFM2BNG2";"N.G. M2A2 BRADLEY"
"WFM2BA4A";"M2A4 BRADLEY"
"WFM2BA3A";"M2A3 BRADLEY"
"WFM2BA3B";"M2A3 BRADLEY BUSK"
"WFM3BNGA";"#RECO2 N.G. M3A2 BRADLEY CFV"
"WFM3BA3A";"#RECO2 M3A3 BRADLEY CFV"
"WFM3BA3B";"#RECO2 M3A3 BRADLEY CFV TOW-2B"
"WFM2BCMD";"M3A3 BRADLEY CP"
"WFM7BFIS";"#RECO3 M7A3 BFIST"
"WFM1ASV2";"M1A2B SEPV2"
"WFM1ATU2";"M1A2B TUSK"
"WFM1ACP1";"#CMD M1A2B CP"
"WFM1ASV3";"M1A2C ABRAMS"
"WFM1ATU3";"M1A2C ABRAMS TROPHY"
"WFM1ACP2";"#CMD M1A2C CP"
"WFM1HCMD";"#CMD N.G M1A1(HA) CP"
"WFM1HCM2";"#CMD N.G M1A1 SA CP"
"WFM1ANG1";"N.G M1A1"
"WFM1HNG1";"N.G M1A1(HA)"
"WFM1HNG2";"N.G M1A1 SA"
"WF109PNG";"N.G. M109A6 PALADIN"
"WF109PAL";"M109A6 PALADIN"
"WF109EXC";"M109A6 PALADIN [PGM]"
"WFMor106";"M1064A3"
"WFABVM15";"M1150 ABV"
"WFABVMNG";"N.G. M1150 ABV"
"WFMIMPAT";"MIM-104 PATRIOT"
"WFB2SJDA";"B-2 SPIRIT"
"WFB2SJSO";"B-2 SPIRIT [JSOW]"
"WFB2SMOP";"B-2 SPIRIT [MOP]"
"WFCOU6NG";"N.G. COUGAR HE"
"WFHEMTRA";"M977 HEMTT"
"WFMTVTRA";"M1083A1 MTV"
"WFMTVSUP";"M1083A1 MTV SUPPLY"
"WFLMVTRA";"M1078A1 LMTV"
"WFLMVSUP";"M1078A1 LMTV SUPPLY"


"WF2BBFRA";"2E BRIGADE BLINDEE"
"WF6BBFRA";"6E BRIGADE LEGERE BLINDEE"
"WFMotBEL";"MOTORISED BRIGADE"

"40mm";"40mm"
"90mmHEAT";"90mm HEAT"
"CN120";"CN120-26/52"
"M81125";"M811"
"40CTC";"40CTC"
"MMP";"MMP"
"2R2M120";"2R2M"
"VT1";"VT-1"
"ASTER30";"ASTER 30"
"HK416";"HK416"
"SCARHPR";"SCAR-H PR"
"Hecate2";"FR-12,7"
"AT4CS";"AT4-CS"
"AT4CSER";"AT4-CS ER"
"AT4F2";"AT4-CS F2"
"AT4CSHE";"AT4-CS HE"
"MILAN3";"MILAN 3"
"MILANER";"MILAN ER"
"HOT3";"HOT 3"
"Mistral3";"MISTRAL 3"
"M781";"M781"
"M791";"M791"
"MICAIR";"MICA-IR"
"MICANG";"MICA-IR NG"
"MICAEM";"MICA-EM"
"Meteor";"Meteor"
"AASM250";"AASM 250"
"SCALP";"SCALP EG"
"GBU50";"GBU-50"
"LVHDNFYIJK";"DEFA 553"
"COCKMK8";"MK.8 COCKERILL"
"BUSHMK2";"MK.44 BUSHMASTER II"
"SCARL";"SCAR-L"
"MATA";"MATADOR"
"MATAAS";"MATADOR AS"
"M72EC";"M72 EC"
"SpikeMR";"SPIKE MR"
"SpikeLR";"SPIKE LR"
"LG1M2";"LG1 MK.2"
"NLAW";"NLAW"
"AUG";"AUG"
"AUGHB";"AUG HBAR"
"WFPVPTRA";"PANHARD PVP"

"WFLECFRA";"LECLERC S2"
"WFLECXXI";"LECLERC XXI"
"WFLECXLR";"LECLERC XLR"
"WFXLRCMD";"#CMD LECLERC XLR CMD"
"WFXXICMD";"#CMD LECLERC XXI CMD"
"WFVBCIFV";"VBCI"
"WFVBCLEG";"VBCI LEGION"
"WFVPCCMD";"#CMD VPC"
"WFEBRREC";"EBRC SPAHIS"
"WFEBRLEG";"EBRC LEGION"
"WFVBMGRI";"GRIFFON VTT"
"WFVBMLEG";"GRIFFON VTT LEGION"
"WFVBMCMD";"#CMD GRIFFON EPC"
"WFVBMMOR";"GRIFFON MEPAC"
"WFVBMVOA";"#RECO3 GRIFFON VOA"
"WFCAE6X6";"CAESAR"
"WFCAECLU";"CAESAR [CLU]"
"WFSAMMAM";"MAMBA"
"WFSAMCRO";"CROTALE NG"
"WFVT4TRA";"VT4"
"WFVT4CMD";"#CMD VT4 PC"
"WFATGMMP";"AKERON MP"
"WFATGMLE";"LEGION. AKERON MP"
"WFM2HLEG";"LEGION. M2HB"
"WFCHAFRA";"CHASSEURS"
"WFCHALEG";"LEGION.-CHASSEURS"
"WFCHAERY";"CHASSEURS ANTICHAR"
"WFCHARES";"RES. CHASSEURS"
"WFRIFFRA";"MARSOUINS"
"WFRIFLEG";"LEGIONNAIRES"
"WFRIFLER";"LEGIONNAIRES (ERYX)"
"WFRIFLDF";"#CMD CMDT MARSOUINS"
"WFRIFERY";"MARSOUINS (ERYX)"
"WFRIFATC";"MARSOUINS ANTICHAR"
"WFRIFRES";"RESERVISTES"
"WFENGFR4";"SAPEURS (AT4)"
"WFSAPLEG";"LEGION.-SAPEURS"
"WFSAPFR4";"LEGION.-SAPEURS (AT4)"
"WFLEGCMD";"#CMD CMDT LEGION."
"WFSAPLFR";"#CMD CMDT LEGION.-SAPEURS"
"WFSCTERY";"#RECO2 ECLAIREURS (ERYX)"
"WFSCTLEG";"#RECO2 LEGION. ECLAIREURS"
"WFSCTLPA";"#RECO2 LEGION. PATROL"
"WFSNIHEC";"#RECO2 LEGION. SNIPER"
"WFMANMR3";"MISTRAL 3"
"WFMIL3ER";"MILAN 3"
"WFHMGMAG";"FN MAG"
"WFVPSFRA";"#RECO1 VPS"
"WFVBLML3";"VBL MILAN ER"
"WFGBCSUP";"GBC 180"
"WFTIGHAP";"TIGER HAP"
"WFTIGRKT";"TIGER HAP [RKT]"
"WFTIGHAD";"TIGER HAD"
"WFTIGHAA";"TIGER HAD [AA]"
"WFNH9SUP";"CAIMAN LOG."
"WFNH9GUN";"CAIMAN TTH"
"WFGAZHO3";"GAZELLE HOT 3"
"WFRAFAA1";"RAFALE C [AA1]"
"WFRAFAA2";"RAFALE C [AA2]"
"WFRAFCAS";"RAFALE C [PSM]"
"WFRAFCA2";"RAFALE C [LGB]"
"WFRAFCA3";"RAFALE C [SCALP]"
"WFMIR25F";"MIRAGE 2000 5F"
"WFMIR2D1";"MIRAGE 2000 D [LGB1]"
"WFMIR2D4";"MIRAGE 2000 D [LGB2]"
"WFMIR2D2";"MIRAGE 2000 D [SCALP]"
"WFMIR2D3";"MIRAGE 2000 D [AT]"
"WFMIR2D5";"MIRAGE 2000 D [RKT]"
"WFMIR2D6";"MIRAGE 2000 D [HE]"
"WFPIRAIV";"AIV FUSELIER"
"WFPIRCMD";"#CMD AIV PC"
"WFPIRD90";"AIV DF90"
"WFPIRD30";"AIV DF30"
"WFPIRD3S";"AIV DF30 SPIKE"
"WFPIRREC";"#RECO2 AIV DF30 ISTAR"
"WFRIBMMG";"FUSILIERS (MMG)"
"WFRIBDMR";"FUSILIERS (DMR)"
"WFRIBWPN";"GROUPE APPUI"
"WFENGBAT";"PIONIERS (MATADOR)"
"WFDIN2PP";"DINGO 2 FUS"
"WFDINMAG";"DINGO 2 FUS MAG"
"WFDINCMD";"#CMD DINGO 2 PC"
"WFDINLUX";"DINGO 2 PPV"
"WFJLTREC";"CLV FALCON PATROL"
"WFJLTBEL";"CLV FALCON"
"WFSPIBEL";"SPIKE MR"
"WF105LG1";"LG1 105MM"
"WFF16BAA";"F-16AM [AA]"
"WFF16BLG";"F-16AM [LGB]"
"WFF16BGB";"F-16AM [PGM]"
"WFSPYUAV";"#RECO3 SPY'RANGER"
"WFDAFBEL";"DAF CF 4X4 LOG."
"WFM27FRC";"LRU (CLU)"
"WFM27FRH";"LRU (HE)"
"WFCOMCRP";"COMMANDOS PARA"


"WF1PZGER";"1ST PANZER DIVISION"
"WF10PGER";"10TH PANZER DIVISION"

"120L55";"L55"
"L52";"L52"
"L52CLU";"L52 SMArt 155"
"L52PGM";"L52 Vulcano"
"MK302";"MK 30-2/ABM"
"MG4";"MG4"
"MG5";"MG5"
"GMG";"GMG"
"IRIST";"SLM"
"IRISA";"IRIS-T"
"G36";"G36"
"G28";"G28"
"PZF3T600";"PANZERFAUST 3-T600"
"PZF3IT";"PANZERFAUST 3-IT600"
"PARS";"PARS-3 LR"
"M3P";"M3P"
"TAURUS";"TAURUS"
"GBU48";"GBU-48"
"AGM88E";"AGM-88E"
"GBU24";"GBU-24"
"35mmBUSH";"BUSHMASTER 3"
"NASAMS";"NASAMS 3"
"SG553";"SG553"
"Fist";"IRON FIST"

"WFLEO2A6";"LEOPARD 2A6"
"WFLEO26M";"LEOPARD 2A6 MA3"
"WFLEO27V";"LEOPARD 2A7V"
"WFLEO7CM";"#CMD PZ.BED. LEOPARD 2A7V"
"WFLEO6CM";"#CMD PZ.BED. LEOPARD 2A6"
"WFLEO27T";"LEOPARD 2A7 A1"
"WFPUMSPI";"PUMA MELLS"
"WFPUMGER";"PUMA"
"WFMAR1A5";"MARDER 1A5"
"WFMARMEL";"MARDER 1A5 MELLS"
"WFBOXM2B";"GTK BOXER"
"WFBOXAGL";"GTK BOXER GMG"
"WFBOXCMD";"#CMD GTK BOXER FÜFZG."
"WFBOXMNL";"GTK BOXER GENIE"
"WFDIN1PP";"DINGO 1"
"WFFENAGL";"#RECO2 FENNEK 1A1"
"WFFENMMG";"#RECO2 FENNEK 1A1 MG3"
"WFPZHHOW";"PZH. 2000"
"WFPZHCLU";"PZH. 2000 (CLU)"
"WFPZHPGM";"PZH. 2000 (PGM)"
"WFOZESPA";"OZELOT"
"WFSAMIRI";"IRIS-T SLM"
"WFPZGDMR";"PZ.GRENADIER (DMR)"
"WFJAGPZF";"JAGER"
"WFJAGMMG";"JAGER (MMG)"
"WFJAGMRA";"JAGER (DINGO)"
"WFKSKREC";"#RECO3 KSK"
"WFSNIGER";"#RECO2 SCHARFSCHÜTZE"
"WFSNIKSK";"#RECO2 KSK SCHARFSCHÜTZE"
"WFSPIGER";"MELLS LR"
"WFTIGUH1";"TIGER KHT [AT2]"
"WFTIGUH2";"TIGER KHT"
"WFTIGUH3";"TIGER KHT [AT1]"
"WFTIGUH4";"TIGER KHT [AA]"
"WFTYPAA1";"TYPHOON [AA]"
"WFTYPCA1";"TYPHOON [TAURUS]"
"WFTYPCA2";"TYPHOON [LGB]"
"WFTYPSEA";"TYPHOON [SEAD]"
"WFTORLGB";"TORNADO IDS [LGB]"
"WFRNLDMR";"PANTSERINFANTERIE (DMR)"
"WFC90MLU";"CV9035 MKIIIC MLU"
"WFC903NL";"CV9035 MKIII"
"WFFENNLT";"FENNEK 1"
"WFLEO2NL";"LEOPARD 2A6 MA2"
"WFSPIMNL";"SPIKE MR"
"WFUNIGER";"UNIMOG U4000"
"WFUNILOG";"UNIMOG U4000 MUN."
"WFM27GER";"MARS II (CLU)"
"WFM27GHE";"MARS II (HE)"
"WFVPSGER";"AGF SERVAL"
"WFWOLGER";"WOLF III"
"WFBOXRCT";"GTK BOXER RCT30"
"WFNAS2NL";"NASAMS"
"WFEMTUAV";"EMT ALADIN"
"WFNH9TRA";"NH90 TGEE"
"WFNH9SGR";"NH90 MUN."


"WF90TnRUS";"90-YA GV. TANK. DIV."
"WF90TRUSH";"90-YA GV. TANK. DIV."
"WF4TanRUS";"4-YA GV. TANK. DIV."
"WF4TRUSH";"4-YA GV. TANK. DIV."
"WF2MSDRUS";"2-YA GV. MOTOSTRELK. DIV."
"WF2MSRUSH";"2-YA GV. MOT. DIV."
"WF31VDVRU";"31-YA OG. DESANTNO-SHTURMOVAYA BRIG."
"WF2MSPRE";"PREMADE 2-YA GV. MOT. DIV."

"AK74M";"AK-74M"
"PKP";"PKP Pecheneg"
"RPK74M";"RPK-74M"
"SVDS";"SVDS"
"RPGTab";"TBG-7V Tanin"
"RPOPDM";"RPO PDM"
"SV98";"SV-98"
"152mmHEAT";"152mm"
"Korn";"Kornet"
"IglaS";"9K338"
"Verba";"9K333"
"AGS30";"AGS-30"
"AGS30M";"AGS-30M"
"RPG28";"RPG-28"
"RPG30";"RPG-30"
"125mmHEAT";"125mm"
"2S12M";"2S12M"
"2S12MKM";"2S12M Gran"
"2A46M5";"2A46M-5"
"2A46M4";"2A46M-4"
"2A46M2";"2A46M-2"
"2A46M1";"2A46M-1"
"9M119M1";"9M119M1"
"9M331";"9M331"
"9M338";"9M338"
"9M317";"9M317"
"Strel10M4";"9M333"
"9M311M";"9M311M"
"KORD";"Kord"
"KH38T";"KH-38MT"
"GLONASS";"GLONASS"
"KAB500S";"KAB-500S-E"
"R73M";"R-73M"
"R74M";"R-74M"
"KH25MAE";"KH-25MAE"
"KH29D";"KH-29D"
"R27ET";"R-27ET"
"R27ER";"R-27ER"
"R771";"R-77-1"
"R37M";"R-37M"
"9K1152";"Metis-M"
"9K11521";"Metis-M1"
"130mmHEAT";"130mm"
"9M123";"Khrizantema"
"9M538";"9M538"
"9M541";"9M541"
"KH58USH";"KH-58USHKE"
"2A422";"2A42 Twin"
"ATAKAT";"ATAKA-T"
"IZD810";"IZD. 810"
"KH31PM";"KH-31PM"
"2A80";"2A80-1"
"TOS1A";"M0.1.01.04M"
"S400";"48N6E2"
"96L6E";"96L6E"
"57E6";"57E6"
"107mm";"107mm"
"Drozd";"DROZD"
"9M117M";"9M117M"
"9M117M1";"9M117M1"
"2A75";"2A75"
"2A88";"2A88"
"2A821M";"2A82-1M"
"3UBK21";"3UBK21"
"9R31M";"9R31M"
"S300";"9M83ME"
"S350MIS";"9M96E2"
"Afganit";"AFGANIT"
"Arena";"ARENA-M"
"AK12";"AK-12"
"AK15";"AK-15"
"RG6";"RG-6"

"WFMOTBMP";"MOTOSTRELKI (BMP)"
"WFMOTBTR";"MOTOSTRELKI (BTR)"
"WFMOTB22";"MOTOSTRELKI (RPG-22)"
"WFMOTB27";"MOTOSTRELKI (RPG-27)"
"WFMOTB28";"MOTOSTRELKI (RPG-28)"
"WFMOTSVD";"MOTOSTRELKI (SVD)"
"WFMOTMET";"MOTOSTRELKI (METIS)"
"WFVDVRPG";"DESANTNIKI (RPG-28)"
"WFVDVMET";"DESANTNIKI (METIS)"
"WFVDVBTR";"DESANTNIKI"
"WFDSHCOM";"DSHV (RPG-30)"
"WFSPEGMG";"SPETSNAZ (RG-6)"
"WFMOTCMD";"#CMD MOTOSTRELKI KOM."
"WFRUSFLM";"OGNEMETCHIKI"
"WFENGRRP";"SAPERI (RPG)"
"WFSHTRPG";"SHTURMOVIKI"
"WFSHTRPO";"INZHENERY-SHTURMOVIKI"
"WFSNIRUS";"#RECO2 SNAYPERI"
"WFCEWRUS";"#RECO2 RT RAZVEDKA"
"WFATGKOR";"KORNET"
"WFIGSRUS";"IGLA-S"
"WFVERRUS";"VERBA"
"WFMPSRUS";"VP"
"WF2SMMor";"2S12M"
"WF2SMLas";"2S12M [PGM]"
"WFT80UM2";"T-80UM2"
"WFT80UBM";"T-80U"
"WFT80UB1";"T-80U1"
"WFT80UE1";"T-80U-E1"
"WFT80BVM";"T-80BVM"
"WFT90ARS";"T-90A"
"WFT90MRS";"T-90M"
"WFT90ERA";"T-90M OBR.2020"
"WFT90ARE";"T-90M OBR.2023"
"WFT14ARM";"T-14 ARMATA"
"WFBMPT15";"T-15 ARMATA"
"WFT90CMD";"#CMD T-90A KOM."
"WFT72CMD";"#CMD T-72B3M KOM."
"WFT72B33";"T-72B3"
"WFT72B3M";"T-72B3M"
"WFT72BM1";"T-72B3M1"
"WFT72AVR";"T-72AV"
"WFT72AM1";"T-72A"
"WFT72ACM";"#CMD T-72AV KOM."
"WFT72B89";"T-72B OBR. 89"
"WFT72B22";"T-72B OBR. 2022"
"WFT72BAR";"T-72BA"
"WFT72BCM";"#CMD T-72B KOM."
"WFBMP2MB";"BMP-2M"
"WFBMP1AM";"BMP-1AM"
"WFBMP1MA";"BMP-1AM 675-SB3KDZ"
"WFBMP1AP";"BMP-1P 675-SB3KDZ"
"WFBMP2AP";"BMP-2 675-SB3KDZ"
"WFBRM1AP";"#RECO3 BRM-1K 675-SB3KDZ"
"WFBRM1AM";"#RECO3 BRM-1K OBR. 2021"
"WFBMTRUS";"BMPT"
"WFBTR80A";"BTR-80A"
"WFBTR82A";"BTR-82A"
"WFBTR82T";"BTR-82AT"
"WFBTR80M";"BTR-82AT KORNET"
"WFBTR90M";"BTR-90"
"WF2S9MS2";"MSTA-SM2"
"WF2S9CLU";"MSTA-SM2 [CLU]"
"WF2S9PGM";"MSTA-SM2 [PGM]"
"WFTOS1RU";"TOS-1A"
"WF234HOS";"2S34 HOSTA"
"WF234PGM";"2S34 HOSTA [PGM]"
"WFTORRM1";"9K331 TOR-M1"
"WFTORRM2";"9K332 TOR-M2"
"WFTORRE2";"9K332 TOR-M2U"
"WFBUKM12";"BUK-M1-2"
"WFBUKM3V";"BUK-M3"
"WFPNTS1R";"PANTSIR S-2"
"WFURACLU";"BM-27 URAGAN [CLU]"
"WFSTR104";"STRELA-10M4"
"WFTUN2M1";"2K22M1 TUNGUSKA"
"WFTIGHMG";"TIGR-M KORD"
"WFTIGRUS";"TIGR-M"
"WFTIGREC";"#RECO2 TIGR-M"
"WFTYPRUS";"TYPHOON"
"WFKAM66T";"KAMAZ 6X6"
"WFKAM66S";"KAMAZ 6X6 SNAB."
"WFKAM44T";"KAMAZ 4X4"
"WFKAM44S";"KAMAZ 4X4 SNAB."
"WFKRIBMP";"KHRIZANTEMA-S"
"WFTORGHE";"TORNADO-G"
"WFTORCLU";"TORNADO-G [CLU]"
"WFS27AA1";"SU-27SM"
"WFS25SM3";"SU-25SM3 [AT]"
"WFS25GBU";"SU-25SM3 [PGM]"
"WFS25LGB";"SU-25SM [LGB]"
"WFS25RKT";"SU-25SM [RKT]"
"WFS25AT2";"SU-25SM [AT]"
"WFS35AA1";"SU-35S [AA1]"
"WFS35AA2";"SU-35S [AA2]"
"WFS35SE1";"SU-35S [SEAD1]"
"WFS34LG1";"SU-34 [LGB2]"
"WFS34LG2";"SU-34 [LGB1]"
"WFS34AT1";"SU-34 [AT]"
"WFS34ODA";"SU-34 [TRM]"
"WFS34HE1";"SU-34 [HE]"
"WFS34CLU";"SU-34 [CLU]"
"WFS57AA1";"SU-57 [AA1]"
"WFS57AA2";"SU-57 [AA2]"
"WFS57SEA";"SU-57 [SEAD]"
"WFM35MIX";"MI-35M"
"WFM35RK1";"MI-35M [RKT1]"
"WFM35RK2";"MI-35M [RKT2]"
"WFM35AT1";"MI-35M [AT]"
"WFK52ATG";"KA-52"
"WFK52AA1";"KA-52 [AA]"
"WFSupCam";"#RECO3 SUPERCAM S350"
"WFAAMS35";"S-350"
"WFAAMS3V";"S-300VM"
"WFAAS400";"S-400"
"WFBAZ6X6";"BAZ-64022"
"WFRADRUS";"96L6E"
"WFBMD4MR";"BMD-4M"
"WFBMD4AP";"BMD-4MD"
"WFBTRMDM";"BTR-MDM"
"WFKORBMD";"KORNET-D1"
"WFKORBMP";"KORNET-T"
"WF2S3VEN";"2S31 VENA"
"WF2S3VPG";"2S31 VENA (PGM)"
"WF2S4DRO";"2S41 DROK"
"WFBM3ERA";"BMP-3 4S24"
"WFBM3NVY";"BMP-3"
"WFBRDM2A";"BRDM-2M"
"WFMTLTRN";"MT-LBM"
"WFMTLT6M";"MT-LBM 6MB"
"WFMTLT12";"MT-LB MT-12"
"WFMTLZU2";"MT-LB ZU-23-2"
"WFSARHMG";"SARMAT-2 KORD"
"WFSARTRN";"SARMAT-2"
"WFSPRBM6";"2S-25 SPRUT"
"WF2S3KOA";"2S-35 KOALITSIYA-SV"
"WF2S3PGM";"2S-35 KOALITSIYA-SV (PGM)"
"WFTYHHMG";"TYPHOON PVO"
"WFTYHRUS";"TYPHOON K"
"WFTYHVDV";"TYPHOON VDV"
"WFU77MRF";"UR-77 METEORIT"
